{ I2C_PROGUNLOCK, "I2C_PROGUNLOCK", 16, MM_UNSIGNED, { 0xae0, 0xae1, 0xae2, 0xae3, 0xae4, 0xae5, 0xae6, 0xae7, 0xaf0, 0xaf1, 0xaf2, 0xaf3, 0xaf4, 0xaf5, 0xaf6, 0xaf7 } },
{ I2C_MLXUNLOCK, "I2C_MLXUNLOCK", 16, MM_UNSIGNED, { 0xaa0, 0xaa1, 0xaa2, 0xaa3, 0xaa4, 0xaa5, 0xaa6, 0xaa7, 0xab0, 0xab1, 0xab2, 0xab3, 0xab4, 0xab5, 0xab6, 0xab7 } },
{ I2C_SLEEP, "I2C_SLEEP", 16, MM_UNSIGNED, { 0xa80, 0xa81, 0xa82, 0xa83, 0xa84, 0xa85, 0xa86, 0xa87, 0xa90, 0xa91, 0xa92, 0xa93, 0xa94, 0xa95, 0xa96, 0xa97 } },
{ I2C_SPEED, "I2C_SPEED", 16, MM_UNSIGNED, { 0xa60, 0xa61, 0xa62, 0xa63, 0xa64, 0xa65, 0xa66, 0xa67, 0xa70, 0xa71, 0xa72, 0xa73, 0xa74, 0xa75, 0xa76, 0xa77 } },
{ I2C_TEMPERATURE, "I2C_TEMPERATURE", 8, MM_UNSIGNED, { 0xa50, 0xa51, 0xa52, 0xa53, 0xa54, 0xa55, 0xa56, 0xa57 } },
{ I2C_DIAG, "I2C_DIAG", 14, MM_UNSIGNED, { 0xa20, 0xa21, 0xa22, 0xa23, 0xa24, 0xa25, 0xa26, 0xa27, 0xa30, 0xa31, 0xa32, 0xa33, 0xa34, 0xa35 } },
{ DIRECT_PWM_VAL, "DIRECT_PWM_VAL", 9, MM_UNSIGNED, { 0xa07, 0xa10, 0xa11, 0xa12, 0xa13, 0xa14, 0xa15, 0xa16, 0xa17 } },
{ APPL_I2C, "APPL_I2C", 1, MM_UNSIGNED, { 0x9f7 } },
{ PWM_ONOFFB, "PWM_ONOFFB", 1, MM_UNSIGNED, { 0x9f6 } },
{ DIS_PROG_I2C, "DIS_PROG_I2C", 1, MM_UNSIGNED, { 0x9f5 } },
{ SLEEP_MODE_ACTIVATED, "SLEEP_MODE_ACTIVATED", 1, MM_UNSIGNED, { 0x9f4 } },
{ MS_TR_OFF_TEMPSENS, "MS_TR_OFF_TEMPSENS", 3, MM_UNSIGNED, { 0x8f1, 0x8f2, 0x8f3 } },
{ MS_SELDIO_TEMPSENS, "MS_SELDIO_TEMPSENS", 3, MM_UNSIGNED, { 0x8e6, 0x8e7, 0x8f0 } },
{ MS_ENABLE_TEMPSENS, "MS_ENABLE_TEMPSENS", 1, MM_UNSIGNED, { 0x8e5 } },
{ GPIO_MODE, "GPIO_MODE", 2, MM_UNSIGNED, { 0x8e3, 0x8e4 } },
{ SHUTDOWN_BOOST_MODE, "SHUTDOWN_BOOST_MODE", 1, MM_UNSIGNED, { 0x8e2 } },
{ MOTOR_BOOST_MODE, "MOTOR_BOOST_MODE", 1, MM_UNSIGNED, { 0x8e1 } },
{ INTEGRATOR_BOOST_MODE, "INTEGRATOR_BOOST_MODE", 1, MM_UNSIGNED, { 0x8e0 } },
{ START_STOP_SETTING, "START_STOP_SETTING", 3, MM_UNSIGNED, { 0x8d5, 0x8d6, 0x8d7 } },
{ DIAG_MASK_OPTION, "DIAG_MASK_OPTION", 3, MM_UNSIGNED, { 0x8d2, 0x8d3, 0x8d4 } },
{ TACHO_SPEED, "TACHO_SPEED", 2, MM_UNSIGNED, { 0x8d0, 0x8d1 } },
{ PWM_RES_9_8B, "PWM_RES_9_8B", 1, MM_UNSIGNED, { 0x8c7 } },
{ CHOP_DISABLE, "CHOP_DISABLE", 1, MM_UNSIGNED, { 0x8c6 } },
{ ALIGN2_RD_TIME, "ALIGN2_RD_TIME", 5, MM_UNSIGNED, { 0x8c0, 0x8c1, 0x8c2, 0x8c3, 0x8c4 } },
{ CURRLOOP_ENABLE, "CURRLOOP_ENABLE", 1, MM_UNSIGNED, { 0x8b7 } },
{ STEP4_TIME, "STEP4_TIME", 5, MM_UNSIGNED, { 0x8b2, 0x8b3, 0x8b4, 0x8b5, 0x8b6 } },
{ STEP3_TIME, "STEP3_TIME", 5, MM_UNSIGNED, { 0x8a5, 0x8a6, 0x8a7, 0x8b0, 0x8b1 } },
{ STEP2_TIME, "STEP2_TIME", 5, MM_UNSIGNED, { 0x8a0, 0x8a1, 0x8a2, 0x8a3, 0x8a4 } },
{ START_100P, "START_100P", 1, MM_UNSIGNED, { 0x897 } },
{ STEP1_TIME, "STEP1_TIME", 5, MM_UNSIGNED, { 0x892, 0x893, 0x894, 0x895, 0x896 } },
{ ALIGN2_TIME, "ALIGN2_TIME", 5, MM_UNSIGNED, { 0x885, 0x886, 0x887, 0x890, 0x891 } },
{ ALIGN1_TIME, "ALIGN1_TIME", 5, MM_UNSIGNED, { 0x880, 0x881, 0x882, 0x883, 0x884 } },
{ LEAD_ANGLE_OPTION, "LEAD_ANGLE_OPTION", 3, MM_UNSIGNED, { 0x874, 0x875, 0x876 } },
{ COMM_TIMEOUT, "COMM_TIMEOUT", 2, MM_UNSIGNED, { 0x872, 0x873 } },
{ BLANK_OPTION, "BLANK_OPTION", 2, MM_UNSIGNED, { 0x870, 0x871 } },
{ BEMF_MASK_OPTION, "BEMF_MASK_OPTION", 3, MM_UNSIGNED, { 0x865, 0x866, 0x867 } },
{ CURR_MODE, "CURR_MODE", 2, MM_UNSIGNED, { 0x863, 0x864 } },
{ CURR_MASK_OPTION, "CURR_MASK_OPTION", 3, MM_UNSIGNED, { 0x860, 0x861, 0x862 } },
{ RD_ALIGN, "RD_ALIGN", 1, MM_UNSIGNED, { 0x857 } },
{ STALL_ERRORS, "STALL_ERRORS", 3, MM_UNSIGNED, { 0x854, 0x855, 0x856 } },
{ DEMAG_OPTION, "DEMAG_OPTION", 2, MM_UNSIGNED, { 0x852, 0x853 } },
{ ESCAPE_TIME, "ESCAPE_TIME", 5, MM_UNSIGNED, { 0x845, 0x846, 0x847, 0x850, 0x851 } },
{ ILIM_ROTOR_DETECTION, "ILIM_ROTOR_DETECTION", 5, MM_UNSIGNED, { 0x840, 0x841, 0x842, 0x843, 0x844 } },
{ REC_HIGH_LOWB, "REC_HIGH_LOWB", 1, MM_UNSIGNED, { 0x837 } },
{ ILIM_OPENLOOP, "ILIM_OPENLOOP", 5, MM_UNSIGNED, { 0x832, 0x833, 0x834, 0x835, 0x836 } },
{ ILIM_CLOSEDLOOP, "ILIM_CLOSEDLOOP", 5, MM_UNSIGNED, { 0x825, 0x826, 0x827, 0x830, 0x831 } },
{ ILIM_ALIGNMENT, "ILIM_ALIGNMENT", 5, MM_UNSIGNED, { 0x820, 0x821, 0x822, 0x823, 0x824 } },
{ DECAY_SLOW_FASTB, "DECAY_SLOW_FASTB", 1, MM_UNSIGNED, { 0x817 } },
{ CCW_CWB, "CCW_CWB", 1, MM_UNSIGNED, { 0x816 } },
{ MSG_NUM, "MSG_NUM", 3, MM_UNSIGNED, { 0x812, 0x813, 0x814 } },
{ ROTOR_TRIALS, "ROTOR_TRIALS", 2, MM_UNSIGNED, { 0x810, 0x811 } },
{ WAVE_SHAPER_OPTION, "WAVE_SHAPER_OPTION", 1, MM_UNSIGNED, { 0x807 } },
{ INTEG_TIME, "INTEG_TIME", 4, MM_UNSIGNED, { 0x803, 0x804, 0x805, 0x806 } },
{ GPIO_DIS, "GPIO_DIS", 1, MM_UNSIGNED, { 0x802 } },
{ DIAG_MODE, "DIAG_MODE", 2, MM_UNSIGNED, { 0x800, 0x801 } },
{ DRVMOD_OPTION, "DRVMOD_OPTION", 2, MM_UNSIGNED, { 0x715, 0x716 } },
{ ENABLE_SSCG_CPCLK, "ENABLE_SSCG_CPCLK", 1, MM_UNSIGNED, { 0x714 } },
{ STEP_INC_SSCG_CPCLK, "STEP_INC_SSCG_CPCLK", 4, MM_UNSIGNED, { 0x710, 0x711, 0x712, 0x713 } },
{ STEP_DUR_SSCG_CPCLK, "STEP_DUR_SSCG_CPCLK", 4, MM_UNSIGNED, { 0x704, 0x705, 0x706, 0x707 } },
{ CNT_SSCG_CPCLK, "CNT_SSCG_CPCLK", 4, MM_UNSIGNED, { 0x700, 0x701, 0x702, 0x703 } },
{ ENABLE_SSCG_RCO5M, "ENABLE_SSCG_RCO5M", 1, MM_UNSIGNED, { 0x6f4 } },
{ STEP_INC_SSCG_RCO5M, "STEP_INC_SSCG_RCO5M", 4, MM_UNSIGNED, { 0x6f0, 0x6f1, 0x6f2, 0x6f3 } },
{ STEP_DUR_SSCG_RCO5M, "STEP_DUR_SSCG_RCO5M", 4, MM_UNSIGNED, { 0x6e4, 0x6e5, 0x6e6, 0x6e7 } },
{ CNT_SSCG_RCO5M, "CNT_SSCG_RCO5M", 4, MM_UNSIGNED, { 0x6e0, 0x6e1, 0x6e2, 0x6e3 } },
{ CP_FILT_OPTION, "CP_FILT_OPTION", 1, MM_UNSIGNED, { 0x6d7 } },
{ DIAG_MASK, "DIAG_MASK", 14, MM_UNSIGNED, { 0x6c0, 0x6c1, 0x6c2, 0x6c3, 0x6c4, 0x6c5, 0x6c6, 0x6c7, 0x6d0, 0x6d1, 0x6d2, 0x6d3, 0x6d4, 0x6d5 } },
{ MS_TRM_CP_SLWRT_DRV, "MS_TRM_CP_SLWRT_DRV", 4, MM_UNSIGNED, { 0x6b2, 0x6b3, 0x6b4, 0x6b5 } },
{ MS_TRM_CPCLK_DRV, "MS_TRM_CPCLK_DRV", 10, MM_UNSIGNED, { 0x6a0, 0x6a1, 0x6a2, 0x6a3, 0x6a4, 0x6a5, 0x6a6, 0x6a7, 0x6b0, 0x6b1 } },
{ MS_TR_I2C_SDA_OUT_FILT, "MS_TR_I2C_SDA_OUT_FILT", 2, MM_UNSIGNED, { 0x696, 0x697 } },
{ MS_TRIM_OTD, "MS_TRIM_OTD", 6, MM_UNSIGNED, { 0x690, 0x691, 0x692, 0x693, 0x694, 0x695 } },
{ MS_TRM_DRVSUP, "MS_TRM_DRVSUP", 2, MM_UNSIGNED, { 0x686, 0x687 } },
{ MS_TRM_SLWRT_DRV, "MS_TRM_SLWRT_DRV", 4, MM_UNSIGNED, { 0x682, 0x683, 0x684, 0x685 } },
{ MS_TR_I2C_SDA_FILT, "MS_TR_I2C_SDA_FILT", 2, MM_UNSIGNED, { 0x680, 0x681 } },
{ MS_TR_BG_TC, "MS_TR_BG_TC", 5, MM_UNSIGNED, { 0x673, 0x674, 0x675, 0x676, 0x677 } },
{ MS_TR_BG_DC, "MS_TR_BG_DC", 5, MM_UNSIGNED, { 0x666, 0x667, 0x670, 0x671, 0x672 } },
{ MS_TR_BIAS_SUP, "MS_TR_BIAS_SUP", 4, MM_UNSIGNED, { 0x651, 0x652, 0x653, 0x654 } },
{ MS_RCO5M_TRIM, "MS_RCO5M_TRIM", 9, MM_UNSIGNED, { 0x640, 0x641, 0x642, 0x643, 0x644, 0x645, 0x646, 0x647, 0x650 } },
{ MS_SYNC_WINDOW_INTEG, "MS_SYNC_WINDOW_INTEG", 1, MM_UNSIGNED, { 0x632 } },
{ DRV_DIAG_AUTO_RESUME, "DRV_DIAG_AUTO_RESUME", 1, MM_UNSIGNED, { 0x631 } },
{ MS_FORCE_COMMUT, "MS_FORCE_COMMUT", 3, MM_UNSIGNED, { 0x626, 0x627, 0x630 } },
{ RBCL_GAIN_TRIM_2, "RBCL_GAIN_TRIM_2", 6, MM_UNSIGNED, { 0x620, 0x621, 0x622, 0x623, 0x624, 0x625 } },
{ RBCL_GAIN_TRIM_1, "RBCL_GAIN_TRIM_1", 6, MM_UNSIGNED, { 0x606, 0x607, 0x610, 0x611, 0x612, 0x613 } },
{ RBCL_GAIN_TRIM_0, "RBCL_GAIN_TRIM_0", 6, MM_UNSIGNED, { 0x600, 0x601, 0x602, 0x603, 0x604, 0x605 } },
{ TEST_UNPROT_KEY_15_1, "TEST_UNPROT_KEY_15_1", 15, MM_UNSIGNED, { 0x501, 0x502, 0x503, 0x504, 0x505, 0x506, 0x507, 0x510, 0x511, 0x512, 0x513, 0x514, 0x515, 0x516, 0x517 } },
{ TEST_UNPROT_KEY_0, "TEST_UNPROT_KEY_0", 1, MM_UNSIGNED, { 0x500 } },
{ DIG_VERSION, "DIG_VERSION", 8, MM_UNSIGNED, { 0x4f0, 0x4f1, 0x4f2, 0x4f3, 0x4f4, 0x4f5, 0x4f6, 0x4f7 } },
{ MS_ANA_VERSION, "MS_ANA_VERSION", 8, MM_UNSIGNED, { 0x4e0, 0x4e1, 0x4e2, 0x4e3, 0x4e4, 0x4e5, 0x4e6, 0x4e7 } },
{ MS_SET_VDDP_PROG, "MS_SET_VDDP_PROG", 1, MM_UNSIGNED, { 0x4d7 } },
{ MS_I2C_SLAVEADDRESS, "MS_I2C_SLAVEADDRESS", 7, MM_UNSIGNED, { 0x4c0, 0x4c1, 0x4c2, 0x4c3, 0x4c4, 0x4c5, 0x4c6 } },
{ CTRL_RBCL_TRIM, "CTRL_RBCL_TRIM", 6, MM_UNSIGNED, { 0x471, 0x472, 0x473, 0x474, 0x475, 0x476 } },
{ CTRLEN_RBCL_TRIM, "CTRLEN_RBCL_TRIM", 1, MM_UNSIGNED, { 0x470 } },
{ CTRLEN_DRIVERS, "CTRLEN_DRIVERS", 1, MM_UNSIGNED, { 0x466 } },
{ CTRL_DRIVER_PWM, "CTRL_DRIVER_PWM", 3, MM_UNSIGNED, { 0x463, 0x464, 0x465 } },
{ CTRL_DRIVER_TRI, "CTRL_DRIVER_TRI", 3, MM_UNSIGNED, { 0x460, 0x461, 0x462 } },
{ CTRL_RBCL_OUT_SEL, "CTRL_RBCL_OUT_SEL", 3, MM_UNSIGNED, { 0x455, 0x456, 0x457 } },
{ CTRLEN_RBCL_OUT_SEL, "CTRLEN_RBCL_OUT_SEL", 1, MM_UNSIGNED, { 0x454 } },
{ CTRL_RBCL_LVL, "CTRL_RBCL_LVL", 5, MM_UNSIGNED, { 0x447, 0x450, 0x451, 0x452, 0x453 } },
{ CTRLEN_RBCL_LVL, "CTRLEN_RBCL_LVL", 1, MM_UNSIGNED, { 0x446 } },
{ CTRL_SUP_GO2SM, "CTRL_SUP_GO2SM", 1, MM_UNSIGNED, { 0x443 } },
{ CTRLEN_SUP_GO2SM, "CTRLEN_SUP_GO2SM", 1, MM_UNSIGNED, { 0x442 } },
{ CTRL_OSD_ENABLE, "CTRL_OSD_ENABLE", 1, MM_UNSIGNED, { 0x441 } },
{ CTRLEN_OSD_ENABLE, "CTRLEN_OSD_ENABLE", 1, MM_UNSIGNED, { 0x440 } },
{ CTRL_CPCLK_ENABLE, "CTRL_CPCLK_ENABLE", 1, MM_UNSIGNED, { 0x434 } },
{ CTRLEN_CPCLK_ENABLE, "CTRLEN_CPCLK_ENABLE", 1, MM_UNSIGNED, { 0x433 } },
{ CTRL_DRV_SUP_ENABLE, "CTRL_DRV_SUP_ENABLE", 1, MM_UNSIGNED, { 0x432 } },
{ CTRL_DRV_ENABLE, "CTRL_DRV_ENABLE", 3, MM_UNSIGNED, { 0x427, 0x430, 0x431 } },
{ CTRL_CHOP_CLK, "CTRL_CHOP_CLK", 1, MM_UNSIGNED, { 0x426 } },
{ CTRLEN_CHOP_CLK, "CTRLEN_CHOP_CLK", 1, MM_UNSIGNED, { 0x425 } },
{ CTRL_GPIO_DOUT, "CTRL_GPIO_DOUT", 1, MM_UNSIGNED, { 0x424 } },
{ CTRLEN_GPIO_DOUT, "CTRLEN_GPIO_DOUT", 1, MM_UNSIGNED, { 0x423 } },
{ CTRL_I2C_SDA_OUT, "CTRL_I2C_SDA_OUT", 1, MM_UNSIGNED, { 0x422 } },
{ CTRL_I2C_SDA_FILT_ENABLE, "CTRL_I2C_SDA_FILT_ENABLE", 1, MM_UNSIGNED, { 0x421 } },
{ CTRLEN_I2C_SDA_OUT, "CTRLEN_I2C_SDA_OUT", 1, MM_UNSIGNED, { 0x420 } },
{ CTRL_DAC_TEMPSENS, "CTRL_DAC_TEMPSENS", 8, MM_UNSIGNED, { 0x3c1, 0x3c2, 0x3c3, 0x3c4, 0x3c5, 0x3c6, 0x3c7, 0x3d0 } },
{ CTRLEN_DAC_TEMPSENS, "CTRLEN_DAC_TEMPSENS", 1, MM_UNSIGNED, { 0x3c0 } },
{ DIAG_IN_SHADOW, "DIAG_IN_SHADOW", 15, MM_UNSIGNED, { 0x3a0, 0x3a1, 0x3a2, 0x3a3, 0x3a4, 0x3a5, 0x3a6, 0x3a7, 0x3b0, 0x3b1, 0x3b2, 0x3b3, 0x3b4, 0x3b5, 0x3b6 } },
{ PHASE_TIME, "PHASE_TIME", 16, MM_UNSIGNED, { 0x380, 0x381, 0x382, 0x383, 0x384, 0x385, 0x386, 0x387, 0x390, 0x391, 0x392, 0x393, 0x394, 0x395, 0x396, 0x397 } },
{ FREEZE_INPUT, "FREEZE_INPUT", 1, MM_UNSIGNED, { 0x362 } },
{ CEE_ERROR_DISABLE, "CEE_ERROR_DISABLE", 1, MM_UNSIGNED, { 0x361 } },
{ CEE_COPY_ENABLE, "CEE_COPY_ENABLE", 1, MM_UNSIGNED, { 0x360 } },
{ TM_ROTOR_DETECTION_EN, "TM_ROTOR_DETECTION_EN", 1, MM_UNSIGNED, { 0x357 } },
{ TM_ROTOR_DETECTION, "TM_ROTOR_DETECTION", 1, MM_UNSIGNED, { 0x356 } },
{ TM_PWM_DECODER_EN, "TM_PWM_DECODER_EN", 1, MM_UNSIGNED, { 0x355 } },
{ MS_UV_SUP_DRVMOD, "MS_UV_SUP_DRVMOD", 1, MM_UNSIGNED, { 0x335 } },
{ MS_OTD, "MS_OTD", 1, MM_UNSIGNED, { 0x334 } },
{ MS_OC_LS, "MS_OC_LS", 3, MM_UNSIGNED, { 0x326, 0x327, 0x330 } },
{ MS_OC_HS, "MS_OC_HS", 3, MM_UNSIGNED, { 0x323, 0x324, 0x325 } },
{ MS_OSD_G2, "MS_OSD_G2", 1, MM_UNSIGNED, { 0x322 } },
{ MS_OSD_G1, "MS_OSD_G1", 1, MM_UNSIGNED, { 0x321 } },
{ MS_OSD_B1, "MS_OSD_B1", 1, MM_UNSIGNED, { 0x320 } },
{ MS_VAUX_PORB, "MS_VAUX_PORB", 1, MM_UNSIGNED, { 0x307 } },
{ MS_VSUP_OV, "MS_VSUP_OV", 1, MM_UNSIGNED, { 0x306 } },
{ MS_VSUP_UV, "MS_VSUP_UV", 1, MM_UNSIGNED, { 0x305 } },
{ MS_VDDA_UV, "MS_VDDA_UV", 1, MM_UNSIGNED, { 0x304 } },
{ MOTOR_DRIVER_READY, "MOTOR_DRIVER_READY", 1, MM_UNSIGNED, { 0x301 } },
{ FSM_CEE_COPY_DONE, "FSM_CEE_COPY_DONE", 1, MM_UNSIGNED, { 0x300 } },
{ MS_OUT0_DO, "MS_OUT0_DO", 1, MM_UNSIGNED, { 0x2e5 } },
{ MS_GPIO_PUSHPULL_DISABLE, "MS_GPIO_PUSHPULL_DISABLE", 1, MM_UNSIGNED, { 0x2e4 } },
{ MS_TST_GPIO_LEAKTEST, "MS_TST_GPIO_LEAKTEST", 1, MM_UNSIGNED, { 0x2e2 } },
{ MS_TST_PWM_LEAKTEST, "MS_TST_PWM_LEAKTEST", 1, MM_UNSIGNED, { 0x2e1 } },
{ MS_TST_I2C_FILT, "MS_TST_I2C_FILT", 1, MM_UNSIGNED, { 0x2e0 } },
{ MS_RCO5M_DISABLE, "MS_RCO5M_DISABLE", 1, MM_UNSIGNED, { 0x2d7 } },
{ MS_BEMF_ENABLE, "MS_BEMF_ENABLE", 1, MM_UNSIGNED, { 0x2c6 } },
{ MS_HS_OC_ENABLE, "MS_HS_OC_ENABLE", 1, MM_UNSIGNED, { 0x2c5 } },
{ MS_LS_OC_ENABLE, "MS_LS_OC_ENABLE", 1, MM_UNSIGNED, { 0x2c4 } },
{ MS_RBCL_ENABLE, "MS_RBCL_ENABLE", 1, MM_UNSIGNED, { 0x2c3 } },
{ MS_PWM_ENABLE, "MS_PWM_ENABLE", 1, MM_UNSIGNED, { 0x2c2 } },
{ MS_OTD_ENABLE, "MS_OTD_ENABLE", 1, MM_UNSIGNED, { 0x2c0 } },
{ MS_TST_TEMP_VTEMP_LV0, "MS_TST_TEMP_VTEMP_LV0", 1, MM_UNSIGNED, { 0x2b6 } },
{ MS_TST_TEMP_DAC_LV0, "MS_TST_TEMP_DAC_LV0", 1, MM_UNSIGNED, { 0x2b5 } },
{ MS_TST_VDDD, "MS_TST_VDDD", 1, MM_UNSIGNED, { 0x2b4 } },
{ MS_TST_VDDA, "MS_TST_VDDA", 1, MM_UNSIGNED, { 0x2b3 } },
{ MS_TST_GHS_IBOOST, "MS_TST_GHS_IBOOST", 1, MM_UNSIGNED, { 0x2b2 } },
{ MS_TST_DISC_HSHRDOFF_DRV, "MS_TST_DISC_HSHRDOFF_DRV", 3, MM_UNSIGNED, { 0x2a7, 0x2b0, 0x2b1 } },
{ MS_TST_HS_SHORT_DET, "MS_TST_HS_SHORT_DET", 2, MM_UNSIGNED, { 0x2a5, 0x2a6 } },
{ MS_TST_ILD_DRV, "MS_TST_ILD_DRV", 2, MM_UNSIGNED, { 0x2a3, 0x2a4 } },
{ MS_TST_VBGCS_LV0_DRVSUP, "MS_TST_VBGCS_LV0_DRVSUP", 1, MM_UNSIGNED, { 0x2a2 } },
{ MS_TST_STRS_VGS_HS_DRV, "MS_TST_STRS_VGS_HS_DRV", 1, MM_UNSIGNED, { 0x2a1 } },
{ MS_TST_STRS_VGS_LS_DRV, "MS_TST_STRS_VGS_LS_DRV", 1, MM_UNSIGNED, { 0x2a0 } },
{ MS_TST_OC_LOWTRIG, "MS_TST_OC_LOWTRIG", 1, MM_UNSIGNED, { 0x297 } },
{ MS_TST_OC_TEST0_DRV, "MS_TST_OC_TEST0_DRV", 1, MM_UNSIGNED, { 0x296 } },
{ MS_TST_HS_OC_TEST1_DRV, "MS_TST_HS_OC_TEST1_DRV", 3, MM_UNSIGNED, { 0x293, 0x294, 0x295 } },
{ MS_TST_LS_OC_TEST1_DRV, "MS_TST_LS_OC_TEST1_DRV", 3, MM_UNSIGNED, { 0x290, 0x291, 0x292 } },
{ MS_TST_PORB_VDDA, "MS_TST_PORB_VDDA", 1, MM_UNSIGNED, { 0x286 } },
{ MS_TST_PORB_VAUX, "MS_TST_PORB_VAUX", 1, MM_UNSIGNED, { 0x285 } },
{ MS_TST_RBCL_LVL, "MS_TST_RBCL_LVL", 1, MM_UNSIGNED, { 0x284 } },
{ MS_TST_RBCL_IREF_LV1, "MS_TST_RBCL_IREF_LV1", 1, MM_UNSIGNED, { 0x283 } },
{ MS_TST_RBCL_DISC_DAC, "MS_TST_RBCL_DISC_DAC", 1, MM_UNSIGNED, { 0x282 } },
{ MS_TST_RBCL_DISC_CMP, "MS_TST_RBCL_DISC_CMP", 1, MM_UNSIGNED, { 0x281 } },
{ MS_TST_RBCL_DAC_LV0, "MS_TST_RBCL_DAC_LV0", 1, MM_UNSIGNED, { 0x280 } },
{ MS_TST_VDDCP_DIV3_DRVSUP, "MS_TST_VDDCP_DIV3_DRVSUP", 1, MM_UNSIGNED, { 0x277 } },
{ MS_TST_UVCMP_LV1_DRVSUP, "MS_TST_UVCMP_LV1_DRVSUP", 1, MM_UNSIGNED, { 0x276 } },
{ MS_TST_CPCLK_DRV, "MS_TST_CPCLK_DRV", 1, MM_UNSIGNED, { 0x275 } },
{ MS_TST_CPCLK_SEL_DRV, "MS_TST_CPCLK_SEL_DRV", 2, MM_UNSIGNED, { 0x273, 0x274 } },
{ MS_TST_DRVMOD_CPCLK_DAC_VREF, "MS_TST_DRVMOD_CPCLK_DAC_VREF", 1, MM_UNSIGNED, { 0x272 } },
{ MS_TST_DRVSUP_DISC_CMP, "MS_TST_DRVSUP_DISC_CMP", 1, MM_UNSIGNED, { 0x271 } },
{ MS_TST_IPU_BG_SUP, "MS_TST_IPU_BG_SUP", 1, MM_UNSIGNED, { 0x270 } },
{ MS_TST_VAUX, "MS_TST_VAUX", 1, MM_UNSIGNED, { 0x267 } },
{ MS_BEMF_RESDIV_DIS, "MS_BEMF_RESDIV_DIS", 3, MM_UNSIGNED, { 0x264, 0x265, 0x266 } },
{ MS_BEMF_DISC_PHASES, "MS_BEMF_DISC_PHASES", 1, MM_UNSIGNED, { 0x263 } },
{ MS_TST_SEL_BEMF, "MS_TST_SEL_BEMF", 3, MM_UNSIGNED, { 0x260, 0x261, 0x262 } },
{ MS_TST_GNDD_SUP, "MS_TST_GNDD_SUP", 1, MM_UNSIGNED, { 0x257 } },
{ MS_TST_GNDA_SUP, "MS_TST_GNDA_SUP", 1, MM_UNSIGNED, { 0x256 } },
{ MS_TST_DIS_VDDA_SUP, "MS_TST_DIS_VDDA_SUP", 1, MM_UNSIGNED, { 0x255 } },
{ MS_TST_DIS_VDDD_SUP, "MS_TST_DIS_VDDD_SUP", 1, MM_UNSIGNED, { 0x254 } },
{ MS_TST_DISRES_VDDD_SUP, "MS_TST_DISRES_VDDD_SUP", 1, MM_UNSIGNED, { 0x253 } },
{ MS_TST_DISUV_VDDA_SUP, "MS_TST_DISUV_VDDA_SUP", 1, MM_UNSIGNED, { 0x252 } },
{ MS_TST_DISOV_VS_SUP, "MS_TST_DISOV_VS_SUP", 1, MM_UNSIGNED, { 0x251 } },
{ MS_TST_DISUV_VS_SUP, "MS_TST_DISUV_VS_SUP", 1, MM_UNSIGNED, { 0x250 } },
{ MS_TST_IDDQ_VDDD_SUP, "MS_TST_IDDQ_VDDD_SUP", 1, MM_UNSIGNED, { 0x247 } },
{ MS_TST_IDDQ_VDDA_SUP, "MS_TST_IDDQ_VDDA_SUP", 1, MM_UNSIGNED, { 0x246 } },
{ MS_TST_SHOVE_VDDD_SUP, "MS_TST_SHOVE_VDDD_SUP", 1, MM_UNSIGNED, { 0x245 } },
{ MS_TST_SHOVE_VDDA_SUP, "MS_TST_SHOVE_VDDA_SUP", 1, MM_UNSIGNED, { 0x244 } },
{ MS_TST_IPD5U_TR_VDDA, "MS_TST_IPD5U_TR_VDDA", 1, MM_UNSIGNED, { 0x243 } },
{ MS_TST_VDDA_OUT2_FV, "MS_TST_VDDA_OUT2_FV", 1, MM_UNSIGNED, { 0x242 } },
{ MS_TST_VDDD_OUT2_FV, "MS_TST_VDDD_OUT2_FV", 1, MM_UNSIGNED, { 0x241 } },
{ MS_TST_VDDP_LV, "MS_TST_VDDP_LV", 1, MM_UNSIGNED, { 0x240 } },
{ MS_PD_BIAS_VDDA_SUP, "MS_PD_BIAS_VDDA_SUP", 1, MM_UNSIGNED, { 0x237 } },
{ MS_TST_IPU5U_VDDA, "MS_TST_IPU5U_VDDA", 1, MM_UNSIGNED, { 0x236 } },
{ MS_TST_IPU2U5_VAUX, "MS_TST_IPU2U5_VAUX", 1, MM_UNSIGNED, { 0x235 } },
{ MS_TST_BGA_SUP, "MS_TST_BGA_SUP", 1, MM_UNSIGNED, { 0x234 } },
{ MS_TST_PORTST_SUP, "MS_TST_PORTST_SUP", 1, MM_UNSIGNED, { 0x232 } },
{ MS_TST_BGD_SUP, "MS_TST_BGD_SUP", 1, MM_UNSIGNED, { 0x231 } },
{ MS_TST_RESREF_LV0_OTD, "MS_TST_RESREF_LV0_OTD", 1, MM_UNSIGNED, { 0x230 } },
{ MS_TST_CMP_LV0_OTD, "MS_TST_CMP_LV0_OTD", 1, MM_UNSIGNED, { 0x227 } },
{ MS_TST_DISC_DIO_OTD, "MS_TST_DISC_DIO_OTD", 1, MM_UNSIGNED, { 0x226 } },
{ MS_TST_OSD_CURRENT, "MS_TST_OSD_CURRENT", 1, MM_UNSIGNED, { 0x225 } },
{ MS_TST_OSD_LEVELS, "MS_TST_OSD_LEVELS", 1, MM_UNSIGNED, { 0x224 } },
{ MS_TST_DIV_PORB_VAUX, "MS_TST_DIV_PORB_VAUX", 1, MM_UNSIGNED, { 0x223 } },
{ MS_TST_DIV_PORB_VDDA, "MS_TST_DIV_PORB_VDDA", 1, MM_UNSIGNED, { 0x222 } },
{ MS_TST_SET_VCG, "MS_TST_SET_VCG", 1, MM_UNSIGNED, { 0x221 } },
{ MS_TST_SET_VS, "MS_TST_SET_VS", 1, MM_UNSIGNED, { 0x220 } },
{ MS_TST_GPIO_LV, "MS_TST_GPIO_LV", 1, MM_UNSIGNED, { 0x217 } },
{ MS_TST_OUT0_LV, "MS_TST_OUT0_LV", 1, MM_UNSIGNED, { 0x216 } },
{ MS_TST_LV0_BUF_ENABLE, "MS_TST_LV0_BUF_ENABLE", 1, MM_UNSIGNED, { 0x215 } },
{ MS_TST_OUT_HV0, "MS_TST_OUT_HV0", 3, MM_UNSIGNED, { 0x212, 0x213, 0x214 } },
{ MS_TST_OUT_LV1, "MS_TST_OUT_LV1", 3, MM_UNSIGNED, { 0x207, 0x210, 0x211 } },
{ MS_TST_OUT_LV0, "MS_TST_OUT_LV0", 3, MM_UNSIGNED, { 0x204, 0x205, 0x206 } },
{ MS_TST_LV1_IO, "MS_TST_LV1_IO", 1, MM_UNSIGNED, { 0x203 } },
{ MS_TST_LV0_IO, "MS_TST_LV0_IO", 1, MM_UNSIGNED, { 0x202 } },
{ MS_TST_LV1_UNLOCK, "MS_TST_LV1_UNLOCK", 1, MM_UNSIGNED, { 0x201 } },
{ MS_TST_LV0_UNLOCK, "MS_TST_LV0_UNLOCK", 1, MM_UNSIGNED, { 0x200 } },
{ COMPLETED_CLEAR, "COMPLETED_CLEAR", 1, MM_UNSIGNED, { 0x117 } },
{ ERROR, "ERROR", 1, MM_UNSIGNED, { 0x116 } },
{ IN_PROGRESS, "IN_PROGRESS", 1, MM_UNSIGNED, { 0x115 } },
{ DAC_WAIT_TIME, "DAC_WAIT_TIME", 2, MM_UNSIGNED, { 0x113, 0x114 } },
{ CYCLE, "CYCLE", 6, MM_UNSIGNED, { 0x105, 0x106, 0x107, 0x110, 0x111, 0x112 } },
{ PATTERN, "PATTERN", 2, MM_UNSIGNED, { 0x103, 0x104 } },
{ CMD, "CMD", 3, MM_UNSIGNED, { 0x100, 0x101, 0x102 } },
{ LOCK_PROG, "LOCK_PROG", 1, MM_UNSIGNED, { 0x0b7 } },
{ PROG_SETUP_TIME, "PROG_SETUP_TIME", 3, MM_UNSIGNED, { 0x0b0, 0x0b1, 0x0b2 } },
{ PROG_PULSE_TIME, "PROG_PULSE_TIME", 7, MM_UNSIGNED, { 0x0a0, 0x0a1, 0x0a2, 0x0a3, 0x0a4, 0x0a5, 0x0a6 } },
{ EXTEND_DATA, "EXTEND_DATA", 1, MM_UNSIGNED, { 0x090 } },
{ DMA, "DMA", 1, MM_UNSIGNED, { 0x087 } },
{ CPTEST, "CPTEST", 2, MM_UNSIGNED, { 0x084, 0x085 } },
{ VEE, "VEE", 2, MM_UNSIGNED, { 0x082, 0x083 } },
{ EETEST, "EETEST", 1, MM_UNSIGNED, { 0x081 } },
{ BLOCK, "BLOCK", 1, MM_UNSIGNED, { 0x080 } },
{ BUSY, "BUSY", 1, MM_UNSIGNED, { 0x077 } },
{ BUSY_STBY, "BUSY_STBY", 1, MM_UNSIGNED, { 0x076 } },
{ BUSY_WR_ER, "BUSY_WR_ER", 1, MM_UNSIGNED, { 0x075 } },
{ BUSY_BUF_NOT_EMPTY, "BUSY_BUF_NOT_EMPTY", 1, MM_UNSIGNED, { 0x074 } },
{ FORCE_HIGH_READ, "FORCE_HIGH_READ", 1, MM_UNSIGNED, { 0x073 } },
{ FORCE_LOW_READ, "FORCE_LOW_READ", 1, MM_UNSIGNED, { 0x072 } },
{ W_MODE, "W_MODE", 2, MM_UNSIGNED, { 0x070, 0x071 } },
{ WE_KEY, "WE_KEY", 4, MM_UNSIGNED, { 0x064, 0x065, 0x066, 0x067 } },
{ DIS_HALTED, "DIS_HALTED", 1, MM_UNSIGNED, { 0x063 } },
{ DATA_CORRUPTED, "DATA_CORRUPTED", 1, MM_UNSIGNED, { 0x062 } },
{ SBE_CLEAR, "SBE_CLEAR", 1, MM_UNSIGNED, { 0x061 } },
{ ACTIVE, "ACTIVE", 1, MM_UNSIGNED, { 0x060 } },
{ PTC_IT, "PTC_IT", 1, MM_UNSIGNED, { 0x042 } },
{ PTC_W, "PTC_W", 1, MM_UNSIGNED, { 0x041 } },
{ PTC_R, "PTC_R", 1, MM_UNSIGNED, { 0x040 } },
{ PTCWR, "PTCWR", 16, MM_UNSIGNED, { 0x020, 0x021, 0x022, 0x023, 0x024, 0x025, 0x026, 0x027, 0x030, 0x031, 0x032, 0x033, 0x034, 0x035, 0x036, 0x037 } },
{ MS_HVDIG_OK, "MS_HVDIG_OK", 1, MM_UNSIGNED, { 0x017 } },
{ HVDIG_USED, "HVDIG_USED", 1, MM_UNSIGNED, { 0x016 } },
{ SOFT_RST_REQ, "SOFT_RST_REQ", 1, MM_UNSIGNED, { 0x015 } },
